mysql> source solution2.sql
--------------
SELECT D.department_name, D.country_name, count(*) "Total employees"
FROM DEPARTMENT D JOIN EMPLOYEE E
	ON D.department_name=E.department_name
GROUP BY D.department_name, D.country_name
HAVING count(*)>3
--------------

+------------------------+--------------------------+-----------------+
| department_name        | country_name             | Total employees |
+------------------------+--------------------------+-----------------+
| Accounting             | Switzerland              |               7 |
| Information Technology | Italy                    |               5 |
| Purchasing             | China                    |               6 |
| Sales                  | Switzerland              |              34 |
| Shipping               | United States of America |              45 |
+------------------------+--------------------------+-----------------+
5 rows in set (0.00 sec)

--------------
SELECT JOB.job_title, min_salary, max_salary
FROM JOB JOIN EMPLOYEE E
	ON JOB.job_title=E.job_title
GROUP BY JOB.job_title
HAVING COUNT(*) > 5
--------------

+----------------------+------------+------------+
| job_title            | min_salary | max_salary |
+----------------------+------------+------------+
| Accounting Manager   |       8200 |      16000 |
| Sales Manager        |      10000 |      20000 |
| Sales Representative |       6000 |      12000 |
| Shipping Clerk       |       2500 |       5500 |
| Stock Clerk          |       2000 |       5000 |
+----------------------+------------+------------+
5 rows in set (0.00 sec)

--------------
SELECT E.employee_id, first_name, last_name
FROM EMPLOYEE E JOIN JOBHISTORY JH
	ON E.employee_id = JH.employee_id
--------------

+-------------+------------+------------+
| employee_id | first_name | last_name  |
+-------------+------------+------------+
|         101 | Neena      | Kochhar    |
|         101 | Neena      | Kochhar    |
|         109 | Daniel     | Faviet     |
|         110 | John       | Chen       |
|         206 | William    | Gietz      |
|         102 | Lex        | De Haan    |
|         176 | Jonathon   | Taylor     |
|         201 | Michael    | Hartstein  |
|         205 | Shelley    | Higgins    |
|         114 | Den        | Raphaely   |
|         172 | Elizabeth  | Bates      |
|         173 | Sundita    | Kumar      |
|         176 | Jonathon   | Taylor     |
|         108 | Nancy      | Greenberg  |
|         160 | Louise     | Doran      |
|         161 | Sarath     | Sewall     |
|         162 | Clara      | Vishney    |
|         163 | Danielle   | Greene     |
|         164 | Mattea     | Marvins    |
|         165 | David      | Lee        |
|         166 | Sundar     | Ande       |
|         167 | Amit       | Banda      |
|         168 | Lisa       | Ozer       |
|         169 | Harrison   | Bloom      |
|         170 | Tayler     | Fox        |
|         171 | William    | Smith      |
|         174 | Ellen      | Abel       |
|         175 | Alyssa     | Hutton     |
|         177 | Jack       | Livingston |
|         178 | Kimberely  | Grant      |
|         179 | Charles    | Johnson    |
|         180 | Winston    | Taylor     |
|         206 | William    | Gietz      |
+-------------+------------+------------+
33 rows in set (0.00 sec)

--------------
SELECT employee_id, first_name, last_name
FROM EMPLOYEE
WHERE department_name IN (SELECT department_name
                          FROM DEPARTMENT
                          WHERE manager_id IN (SELECT employee_id
                                               FROM EMPLOYEE 
                                               WHERE first_name='Alberto' and last_name='Errazuriz') )
--------------

Empty set (0.00 sec)

--------------
SELECT E.employee_id, E.first_name, E.last_name, hire_date
FROM EMPLOYEE E LEFT OUTER JOIN JOBHISTORY JH
	ON E.employee_id=JH.employee_id
WHERE (JH.employee_id is NULL) OR 
	(E.hire_date >= (
		SELECT max(end_date) FROM JOBHISTORY
		WHERE employee_id = E.employee_id))
GROUP BY E.employee_id
--------------

+-------------+-------------+-------------+------------+
| employee_id | first_name  | last_name   | hire_date  |
+-------------+-------------+-------------+------------+
|         100 | Steven      | King        | 1987-06-17 |
|         101 | Neena       | Kochhar     | 1998-09-21 |
|         102 | Lex         | De Haan     | 1999-01-13 |
|         103 | Alexander   | Hunold      | 1990-01-03 |
|         104 | Bruce       | Ernst       | 1991-05-21 |
|         105 | David       | Austin      | 1997-06-25 |
|         106 | Valli       | Pataballa   | 1998-02-05 |
|         107 | Diana       | Lorentz     | 1999-02-07 |
|         108 | Nancy       | Greenberg   | 1994-09-17 |
|         109 | Daniel      | Faviet      | 1999-10-16 |
|         110 | John        | Chen        | 2000-01-05 |
|         111 | Ismael      | Sciarra     | 1999-12-31 |
|         112 | Jose Manuel | Urman       | 1998-03-07 |
|         113 | Luis        | Popp        | 1999-12-07 |
|         114 | Den         | Raphaely    | 2000-01-01 |
|         115 | Alexander   | Khoo        | 1995-05-18 |
|         116 | Shelli      | Baida       | 1997-12-24 |
|         117 | Sigal       | Tobias      | 1997-07-24 |
|         118 | Guy         | Himuro      | 1998-11-15 |
|         119 | Karen       | Colmenares  | 1999-08-10 |
|         120 | Matthew     | Weiss       | 1996-07-18 |
|         121 | Adam        | Fripp       | 1997-04-10 |
|         122 | Payam       | Kaufling    | 1995-05-01 |
|         123 | Shanta      | Vollman     | 1997-10-10 |
|         124 | Kevin       | Mourgos     | 1999-11-16 |
|         125 | Julia       | Nayer       | 1997-07-16 |
|         126 | Irene       | Mikkilineni | 1998-09-28 |
|         127 | James       | Landry      | 1999-01-14 |
|         128 | Steven      | Markle      | 2000-03-08 |
|         129 | Laura       | Bissot      | 1997-08-20 |
|         130 | Mozhe       | Atkinson    | 1997-10-30 |
|         131 | James       | Marlow      | 1997-02-16 |
|         132 | TJ          | Olson       | 1999-04-10 |
|         133 | Jason       | Mallin      | 1996-06-14 |
|         134 | Michael     | Rogers      | 1998-08-26 |
|         135 | Ki          | Gee         | 1999-12-12 |
|         136 | Hazel       | Philtanker  | 2000-02-06 |
|         137 | Renske      | Ladwig      | 1995-07-14 |
|         138 | Stephen     | Stiles      | 1997-10-26 |
|         139 | John        | Seo         | 1998-02-12 |
|         140 | Joshua      | Patel       | 1998-04-06 |
|         141 | Trenna      | Rajs        | 1995-10-17 |
|         142 | Curtis      | Davies      | 1997-01-29 |
|         143 | Randall     | Matos       | 1998-03-15 |
|         144 | Peter       | Vargas      | 1998-07-09 |
|         145 | John        | Russell     | 1996-10-01 |
|         146 | Karen       | Partners    | 1997-01-05 |
|         147 | Alberto     | Errazuriz   | 1997-03-10 |
|         148 | Gerald      | Cambrault   | 1999-10-15 |
|         149 | Eleni       | Zlotkey     | 2000-01-29 |
|         150 | Peter       | Tucker      | 1997-01-30 |
|         151 | David       | Bernstein   | 1997-03-24 |
|         152 | Peter       | Hall        | 1997-08-20 |
|         153 | Christopher | Olsen       | 1998-03-30 |
|         154 | Nanette     | Cambrault   | 1998-12-09 |
|         155 | Oliver      | Tuvault     | 1999-11-23 |
|         156 | Janette     | King        | 1996-01-30 |
|         157 | Patrick     | Sully       | 1996-03-04 |
|         158 | Allan       | McEwen      | 1996-08-01 |
|         159 | Lindsey     | Smith       | 1997-03-10 |
|         160 | Louise      | Doran       | 1998-01-01 |
|         161 | Sarath      | Sewall      | 1998-12-01 |
|         162 | Clara       | Vishney     | 1997-11-11 |
|         163 | Danielle    | Greene      | 1999-03-19 |
|         164 | Mattea      | Marvins     | 2000-01-24 |
|         165 | David       | Lee         | 2000-02-23 |
|         166 | Sundar      | Ande        | 2000-03-24 |
|         167 | Amit        | Banda       | 2000-04-21 |
|         169 | Harrison    | Bloom       | 1998-03-23 |
|         170 | Tayler      | Fox         | 1998-01-24 |
|         171 | William     | Smith       | 1999-02-23 |
|         172 | Elizabeth   | Bates       | 1999-03-24 |
|         173 | Sundita     | Kumar       | 2000-04-21 |
|         174 | Ellen       | Abel        | 1996-05-11 |
|         175 | Alyssa      | Hutton      | 1997-03-19 |
|         176 | Jonathon    | Taylor      | 2000-03-24 |
|         177 | Jack        | Livingston  | 1998-04-23 |
|         178 | Kimberely   | Grant       | 1999-05-24 |
|         179 | Charles     | Johnson     | 2000-01-04 |
|         181 | Jean        | Fleaur      | 1998-02-23 |
|         182 | Martha      | Sullivan    | 1999-06-21 |
|         183 | Girard      | Geoni       | 2000-02-03 |
|         184 | Nandita     | Sarchand    | 1996-01-27 |
|         185 | Alexis      | Bull        | 1997-02-20 |
|         186 | Julia       | Dellinger   | 1998-06-24 |
|         187 | Anthony     | Cabrio      | 1999-02-07 |
|         188 | Kelly       | Chung       | 1997-06-14 |
|         189 | Jennifer    | Dilly       | 1997-08-13 |
|         190 | Timothy     | Gates       | 1998-07-11 |
|         191 | Randall     | Perkins     | 1999-12-19 |
|         192 | Sarah       | Bell        | 1996-02-04 |
|         193 | Britney     | Everett     | 1997-03-03 |
|         194 | Samuel      | McCain      | 1998-07-01 |
|         195 | Vance       | Jones       | 1999-03-17 |
|         196 | Alana       | Walsh       | 1998-04-24 |
|         197 | Kevin       | Feeney      | 1998-05-23 |
|         198 | Donald      | OConnell    | 1999-06-21 |
|         199 | Douglas     | Grant       | 2000-01-13 |
|         200 | Jennifer    | Whalen      | 1999-01-01 |
|         201 | Michael     | Hartstein   | 1999-12-20 |
|         202 | Pat         | Fay         | 1997-08-17 |
|         203 | Susan       | Mavris      | 1994-06-07 |
|         204 | Hermann     | Baer        | 1994-06-07 |
|         205 | Shelley     | Higgins     | 1999-01-01 |
+-------------+-------------+-------------+------------+
104 rows in set (0.00 sec)

mysql> notee
