mysql> \. solution2.sql
--------------
SELECT 'Task 1 ~~~~~~~~~~~~~~~~~~~~~~~~~~~~~~~~~~~~~~~~~~~~~~~~~~~~~~'
--------------

+---------------------------------------------------------------+
| Task 1 ~~~~~~~~~~~~~~~~~~~~~~~~~~~~~~~~~~~~~~~~~~~~~~~~~~~~~~ |
+---------------------------------------------------------------+
| Task 1 ~~~~~~~~~~~~~~~~~~~~~~~~~~~~~~~~~~~~~~~~~~~~~~~~~~~~~~ |
+---------------------------------------------------------------+
1 row in set (0.00 sec)

--------------
UPDATE TRIPLEG
	SET LEGNUM = 10
	WHERE TNUM = 8 AND LEGNUM = 1
--------------

Query OK, 1 row affected (0.03 sec)
Rows matched: 1  Changed: 1  Warnings: 0

--------------
SELECT 'Task 2 ~~~~~~~~~~~~~~~~~~~~~~~~~~~~~~~~~~~~~~~~~~~~~~~~~~~~~~'
--------------

+---------------------------------------------------------------+
| Task 2 ~~~~~~~~~~~~~~~~~~~~~~~~~~~~~~~~~~~~~~~~~~~~~~~~~~~~~~ |
+---------------------------------------------------------------+
| Task 2 ~~~~~~~~~~~~~~~~~~~~~~~~~~~~~~~~~~~~~~~~~~~~~~~~~~~~~~ |
+---------------------------------------------------------------+
1 row in set (0.00 sec)

--------------
UPDATE TRIPLEG
	SET LEGNUM = 4
	WHERE TNUM = 8 AND LEGNUM = 3
--------------

Query OK, 1 row affected (0.00 sec)
Rows matched: 1  Changed: 1  Warnings: 0

--------------
SELECT 'Task 3 ~~~~~~~~~~~~~~~~~~~~~~~~~~~~~~~~~~~~~~~~~~~~~~~~~~~~~~'
--------------

+---------------------------------------------------------------+
| Task 3 ~~~~~~~~~~~~~~~~~~~~~~~~~~~~~~~~~~~~~~~~~~~~~~~~~~~~~~ |
+---------------------------------------------------------------+
| Task 3 ~~~~~~~~~~~~~~~~~~~~~~~~~~~~~~~~~~~~~~~~~~~~~~~~~~~~~~ |
+---------------------------------------------------------------+
1 row in set (0.00 sec)

--------------
SELECT CONCAT('Trip number ', TNUM, ' does not have leg number 1') "Violations of consistency constraints"
	 FROM TRIPLEG T1
	 WHERE NOT EXISTS (SELECT 'leg'
                           FROM TRIPLEG
                           WHERE TRIPLEG.TNUM = T1.TNUM AND TRIPLEG.LEGNUM = 1 )
         UNION
	 SELECT CONCAT('Total number of legs in trip number ', TNUM, ' is not equal to the largest number of a leg in the trip')
	 FROM TRIPLEG T1
	 WHERE ( SELECT COUNT(*) 
                 FROM TRIPLEG
                 WHERE TRIPLEG.TNUM = T1.TNUM ) <>
               ( SELECT MAX(LEGNUM)
                 FROM TRIPLEG
                 WHERE TRIPLEG.TNUM = T1.TNUM )
--------------

+-----------------------------------------------------------------------------------------------+
| Violations of consistency constraints                                                         |
+-----------------------------------------------------------------------------------------------+
| Trip number 8 does not have leg number 1                                                      |
| Total number of legs in trip number 8 is not equal to the largest number of a leg in the trip |
+-----------------------------------------------------------------------------------------------+
2 rows in set (0.01 sec)

mysql> notee
