mysql> \. solution2.sql
--------------
SELECT 'Task 1 ~~~~~~~~~~~~~~~~~~~~~~~~~~~~~~~~~~~~~~~~~~~~~~~' FROM DUAL
--------------

+--------------------------------------------------------+
| Task 1 ~~~~~~~~~~~~~~~~~~~~~~~~~~~~~~~~~~~~~~~~~~~~~~~ |
+--------------------------------------------------------+
| Task 1 ~~~~~~~~~~~~~~~~~~~~~~~~~~~~~~~~~~~~~~~~~~~~~~~ |
+--------------------------------------------------------+
1 row in set (0.00 sec)

--------------
SELECT *
FROM TRUCK
WHERE REGNUM LIKE 'P%8'
--------------

+--------+----------+--------+-----------+
| REGNUM | CAPACITY | WEIGHT | STATUS    |
+--------+----------+--------+-----------+
| PKR008 |    22000 |   8800 | AVAILABLE |
| PKR768 |     1234 |   3000 | AVAILABLE |
+--------+----------+--------+-----------+
2 rows in set (0.00 sec)

--------------
SELECT 'Task 2 ~~~~~~~~~~~~~~~~~~~~~~~~~~~~~~~~~~~~~~~~~~~~~~~' FROM DUAL
--------------

+--------------------------------------------------------+
| Task 2 ~~~~~~~~~~~~~~~~~~~~~~~~~~~~~~~~~~~~~~~~~~~~~~~ |
+--------------------------------------------------------+
| Task 2 ~~~~~~~~~~~~~~~~~~~~~~~~~~~~~~~~~~~~~~~~~~~~~~~ |
+--------------------------------------------------------+
1 row in set (0.00 sec)

--------------
SELECT COUNT(DISTINCT TNUM)
FROM TRIPLEG
WHERE DEPARTURE = 'Perth' OR DESTINATION = 'Perth'
--------------

+----------------------+
| COUNT(DISTINCT TNUM) |
+----------------------+
|                    6 |
+----------------------+
1 row in set (0.00 sec)

--------------
SELECT 'Task 3 ~~~~~~~~~~~~~~~~~~~~~~~~~~~~~~~~~~~~~~~~~~~~~~~' FROM DUAL
--------------

+--------------------------------------------------------+
| Task 3 ~~~~~~~~~~~~~~~~~~~~~~~~~~~~~~~~~~~~~~~~~~~~~~~ |
+--------------------------------------------------------+
| Task 3 ~~~~~~~~~~~~~~~~~~~~~~~~~~~~~~~~~~~~~~~~~~~~~~~ |
+--------------------------------------------------------+
1 row in set (0.00 sec)

--------------
SELECT MAX(CAPACITY), MIN(WEIGHT)
FROM TRUCK
--------------

+---------------+-------------+
| MAX(CAPACITY) | MIN(WEIGHT) |
+---------------+-------------+
|         50000 |         300 |
+---------------+-------------+
1 row in set (0.00 sec)

--------------
SELECT 'Task 4 ~~~~~~~~~~~~~~~~~~~~~~~~~~~~~~~~~~~~~~~~~~~~~~~' FROM DUAL
--------------

+--------------------------------------------------------+
| Task 4 ~~~~~~~~~~~~~~~~~~~~~~~~~~~~~~~~~~~~~~~~~~~~~~~ |
+--------------------------------------------------------+
| Task 4 ~~~~~~~~~~~~~~~~~~~~~~~~~~~~~~~~~~~~~~~~~~~~~~~ |
+--------------------------------------------------------+
1 row in set (0.00 sec)

--------------
SELECT FNAME, INITIALS, LNAME
FROM EMPLOYEE JOIN DRIVER
              ON EMPLOYEE.ENUM = DRIVER.ENUM
WHERE DOB IS NULL
--------------

+----------+----------+-------+
| FNAME    | INITIALS | LNAME |
+----------+----------+-------+
| John     | NULL     | Smith |
| Frederic | NULL     | Jones |
| Adam     | NULL     | Fox   |
| James    | NULL     | Bond  |
+----------+----------+-------+
4 rows in set (0.00 sec)

--------------
SELECT 'Task 5 ~~~~~~~~~~~~~~~~~~~~~~~~~~~~~~~~~~~~~~~~~~~~~~~' FROM DUAL
--------------

+--------------------------------------------------------+
| Task 5 ~~~~~~~~~~~~~~~~~~~~~~~~~~~~~~~~~~~~~~~~~~~~~~~ |
+--------------------------------------------------------+
| Task 5 ~~~~~~~~~~~~~~~~~~~~~~~~~~~~~~~~~~~~~~~~~~~~~~~ |
+--------------------------------------------------------+
1 row in set (0.00 sec)

--------------
SELECT DISTINCT REGNUM
FROM TRIP
WHERE TRIP_DATE LIKE '2012%'
--------------

+--------+
| REGNUM |
+--------+
| PKR008 |
| PKR768 |
| QRT834 |
| SST005 |
+--------+
4 rows in set, 1 warning (0.00 sec)

mysql> notee
