mysql> \. solution3.sql
--------------
SELECT 'Task 1 ~~~~~~~~~~~~~~~~~~~~~~~~~~~~~~~~~~~~~~~~~~~~~~~' FROM DUAL
--------------

+--------------------------------------------------------+
| Task 1 ~~~~~~~~~~~~~~~~~~~~~~~~~~~~~~~~~~~~~~~~~~~~~~~ |
+--------------------------------------------------------+
| Task 1 ~~~~~~~~~~~~~~~~~~~~~~~~~~~~~~~~~~~~~~~~~~~~~~~ |
+--------------------------------------------------------+
1 row in set (0.00 sec)

--------------
SELECT FNAME, INITIALS, LNAME
FROM EMPLOYEE
WHERE ENUM IN ( SELECT ENUM
                FROM DRIVER
		WHERE UPPER(STATUS) = 'ON LEAVE' )
--------------

+-------+----------+--------+
| FNAME | INITIALS | LNAME  |
+-------+----------+--------+
| Peter | NULL     | Taylor |
| Adam  | NULL     | Taylor |
+-------+----------+--------+
2 rows in set (0.00 sec)

--------------
SELECT 'Task 2 ~~~~~~~~~~~~~~~~~~~~~~~~~~~~~~~~~~~~~~~~~~~~~~~' FROM DUAL
--------------

+--------------------------------------------------------+
| Task 2 ~~~~~~~~~~~~~~~~~~~~~~~~~~~~~~~~~~~~~~~~~~~~~~~ |
+--------------------------------------------------------+
| Task 2 ~~~~~~~~~~~~~~~~~~~~~~~~~~~~~~~~~~~~~~~~~~~~~~~ |
+--------------------------------------------------------+
1 row in set (0.00 sec)

--------------
SELECT FNAME, INITIALS, LNAME
FROM EMPLOYEE
WHERE EXISTS ( SELECT 'driver'
               FROM DRIVER
	       WHERE DRIVER.ENUM = EMPLOYEE.ENUM AND
	             UPPER(STATUS) = 'ON LEAVE' )
--------------

+-------+----------+--------+
| FNAME | INITIALS | LNAME  |
+-------+----------+--------+
| Peter | NULL     | Taylor |
| Adam  | NULL     | Taylor |
+-------+----------+--------+
2 rows in set (0.01 sec)

--------------
SELECT 'Task 3 ~~~~~~~~~~~~~~~~~~~~~~~~~~~~~~~~~~~~~~~~~~~~~~~' FROM DUAL
--------------

+--------------------------------------------------------+
| Task 3 ~~~~~~~~~~~~~~~~~~~~~~~~~~~~~~~~~~~~~~~~~~~~~~~ |
+--------------------------------------------------------+
| Task 3 ~~~~~~~~~~~~~~~~~~~~~~~~~~~~~~~~~~~~~~~~~~~~~~~ |
+--------------------------------------------------------+
1 row in set (0.00 sec)

--------------
SELECT FNAME, INITIALS, LNAME
FROM EMPLOYEE
WHERE ENUM IN ( SELECT ENUM
                FROM DRIVER
		WHERE LNUM IN ( SELECT LNUM
		                FROM TRIP
				WHERE REGNUM = 'PKR856' ) )
--------------

Empty set (0.00 sec)

--------------
SELECT 'Task 4 ~~~~~~~~~~~~~~~~~~~~~~~~~~~~~~~~~~~~~~~~~~~~~~~' FROM DUAL
--------------

+--------------------------------------------------------+
| Task 4 ~~~~~~~~~~~~~~~~~~~~~~~~~~~~~~~~~~~~~~~~~~~~~~~ |
+--------------------------------------------------------+
| Task 4 ~~~~~~~~~~~~~~~~~~~~~~~~~~~~~~~~~~~~~~~~~~~~~~~ |
+--------------------------------------------------------+
1 row in set (0.00 sec)

--------------
SELECT LNUM
FROM DRIVER
WHERE LNUM NOT IN ( SELECT LNUM
                    FROM TRIP
		    WHERE REGNUM = 'PKR856' )
--------------

+-------+
| LNUM  |
+-------+
| 10001 |
| 10002 |
| 10003 |
| 10004 |
| 10008 |
| 10012 |
| 10305 |
| 10345 |
| 10705 |
| 20002 |
| 20003 |
| 20045 |
| 20055 |
| 20065 |
| 30005 |
| 40002 |
| 40005 |
+-------+
17 rows in set (0.00 sec)

--------------
SELECT 'Task 5 ~~~~~~~~~~~~~~~~~~~~~~~~~~~~~~~~~~~~~~~~~~~~~~~' FROM DUAL
--------------

+--------------------------------------------------------+
| Task 5 ~~~~~~~~~~~~~~~~~~~~~~~~~~~~~~~~~~~~~~~~~~~~~~~ |
+--------------------------------------------------------+
| Task 5 ~~~~~~~~~~~~~~~~~~~~~~~~~~~~~~~~~~~~~~~~~~~~~~~ |
+--------------------------------------------------------+
1 row in set (0.00 sec)

--------------
SELECT LNUM
FROM DRIVER
WHERE NOT EXISTS ( SELECT 'trip'
                   FROM TRIP
		   WHERE DRIVER.LNUM = TRIP.LNUM AND
		         REGNUM = 'PKR856' )
--------------

+-------+
| LNUM  |
+-------+
| 10001 |
| 10002 |
| 10003 |
| 10004 |
| 10008 |
| 10012 |
| 10305 |
| 10345 |
| 10705 |
| 20002 |
| 20003 |
| 20045 |
| 20055 |
| 20065 |
| 30005 |
| 40002 |
| 40005 |
+-------+
17 rows in set (0.00 sec)

mysql> notee
